{
    "name": "Марш миллионов",
    "desc": "На самом деле не миллионов",
    "class": "meeting",
    "period": {
        "start": 1399795749,
        "end": 1400767749
    },
    "geo": {
    "addresses": [
      {
        "coords": [
          59.91935157722545,
          30.348587022162977
        ],
        "videosources": [
          
        ]
      }
    ],
    "routes": [
      
    ],
    "areas": [
      {
        "coords": [
          [
            59.97162259659701,
            30.200958237983286
          ],
          [
            60.01180141674495,
            30.200958237983286
          ],
          [
            60.01180141674495,
            30.36163328681141
          ],
          [
            59.97162259659701,
            30.36163328681141
          ]
        ],
        "videosources": [
          1163
        ]
      },
      {
        "coords": [
          [
            59.90523804037331,
            30.252456651069224
          ],
          [
            59.90282781241544,
            30.31356810126454
          ],
          [
            59.914877202984385,
            30.32386778388172
          ],
          [
            59.92933070016729,
            30.347213731147345
          ],
          [
            59.91935157722545,
            30.38017271552235
          ],
          [
            59.902483479855206,
            30.376739487983286
          ],
          [
            59.88457326640309,
            30.35957335028797
          ],
          [
            59.865619262240955,
            30.327301011420786
          ],
          [
            59.879749635976324,
            30.308761582709845
          ],
          [
            59.892151842791876,
            30.290908799506724
          ],
          [
            59.88112788753187,
            30.2675628522411
          ],
          [
            59.86699809965085,
            30.260696397162974
          ],
          [
            59.8542416722486,
            30.283355698920786
          ],
          [
            59.850103401959004,
            30.329360947944224
          ],
          [
            59.86286141592351,
            30.355453477241095
          ],
          [
            59.865619262240955,
            30.36987303290516
          ],
          [
            59.85286230599914,
            30.376052842475477
          ],
          [
            59.83320012323797,
            30.3060150006786
          ],
          [
            59.82940432995321,
            30.27717588935047
          ],
          [
            59.869755602980845,
            30.214691148139533
          ],
          [
            59.90386078867513,
            30.24902342353016
          ]
        ],
        "videosources": [
          1307
        ]
      },
      {
        "coords": [
          [
            59.84768917329249,
            30.231170640327033
          ],
          [
            59.87940506415792,
            30.231170640327033
          ],
          [
            59.87940506415792,
            30.40695189032704
          ],
          [
            59.84768917329249,
            30.40695189032704
          ]
        ],
        "videosources": [
          1303
        ]
      }
    ],
    "circles": [
      {
        "latitude": 60.02415431801821,
        "longitude": 30.32112120185047,
        "radius": "5.972",
        "videosources": [
          
        ]
      },
      {
        "latitude": 59.992233213859,
        "longitude": 30.265502915717658,
        "radius": "7.588",
        "videosources": [
          1305
        ]
      }
    ]
  },
  "videosources": [
    {
      "id": 1163,
      "name": "1163-нах",
      "operator": "123",
      "position": [
        59.985834,
        30.303712
      ]
    },
    {
      "id": 1305,
      "name": "йа петроградко",
      "operator": "123",
      "position": [
        59.965916,
        30.311265
      ]
    },
    {
      "id": 1307,
      "name": "Тварь я дрожащая аль право имею...",
      "operator": "123",
      "position": [
        59.928192,
        30.34673
      ]
    },
    {
      "id": 1303,
      "name": "1303-епта!",
      "operator": "123",
      "position": [
        59.865715,
        30.321393
      ]
    }
  ]
}